item_id,medicine_name,batch_number,expiry_date,quantity,cost_price,supplier,hsn_code,gst_rate
MED0001,Insulin Glargine,B1300,2027-04-22,537,286.64,Sun Pharma,3004,5
MED0002,Paracetamol 500mg,B2022,2028-04-13,933,143.34,Lupin,3004,5
MED0003,Cetirizine 10mg,B6943,2028-09-06,522,312.29,Aurobindo,3004,5
MED0004,Cough Syrup 100ml,B4304,2027-12-20,622,166.21,Sun Pharma,3004,5
MED0005,Azithromycin 500mg,B6943,2028-06-18,277,477.57,Cipla,3004,5
MED0006,Amoxicillin 250mg,B4185,2027-12-25,321,252.11,Zydus,3004,5
MED0007,Cough Syrup 100ml,B5764,2028-06-17,594,331.85,Dr. Reddy's,3004,5
MED0008,Amoxicillin 250mg,B7045,2028-02-24,26,315.45,Zydus,3004,5
MED0009,Paracetamol 500mg,B4002,2026-11-20,170,242.72,Aurobindo,3004,5
MED0010,ORS Powder,B7848,2026-09-07,762,264.09,Zydus,3004,5
MED0011,Insulin Glargine,B5993,2028-02-06,165,300.21,Zydus,3004,5
MED0012,ORS Powder,B9068,2028-02-25,496,219.86,Sun Pharma,3004,5
MED0013,Paracetamol 500mg,B7015,2027-07-30,120,249.75,Cipla,3004,5
MED0014,Azithromycin 500mg,B2495,2026-10-05,818,174.25,Sun Pharma,3004,5
MED0015,Atorvastatin 10mg,B4868,2028-04-08,961,10.43,Dr. Reddy's,3004,5
MED0016,Ibuprofen 400mg,B6490,2027-03-16,22,9.35,Dr. Reddy's,3004,5
MED0017,Amoxicillin 250mg,B7573,2027-03-06,756,112.5,Zydus,3004,5
MED0018,Amoxicillin 250mg,B7145,2028-02-13,874,228.14,Zydus,3004,5
MED0019,Cetirizine 10mg,B7352,2028-07-05,725,203.7,Dr. Reddy's,3004,5
MED0020,Cough Syrup 100ml,B2388,2027-06-25,596,192.46,Dr. Reddy's,3004,5
MED0021,Salbutamol Inhaler,B2195,2028-01-02,710,496.31,Zydus,3004,5
MED0022,Cetirizine 10mg,B4181,2026-10-25,54,68.51,Dr. Reddy's,3004,5
MED0023,Cough Syrup 100ml,B7968,2027-10-02,140,431.81,Dr. Reddy's,3004,5
MED0024,Insulin Glargine,B8791,2028-03-01,843,454.82,Zydus,3004,5
MED0025,Paracetamol 500mg,B2744,2027-01-23,940,98.13,Sun Pharma,3004,5
MED0026,Amoxicillin 250mg,B8478,2028-06-23,936,240.75,Sun Pharma,3004,5
MED0027,Omeprazole 20mg,B2718,2027-09-21,401,234.96,Sun Pharma,3004,5
MED0028,Atorvastatin 10mg,B6320,2026-10-10,883,237.08,Aurobindo,3004,5
MED0029,Azithromycin 500mg,B4464,2028-04-12,238,133.89,Lupin,3004,5
MED0030,Cetirizine 10mg,B7602,2027-09-17,75,326.53,Aurobindo,3004,5
MED0031,Cetirizine 10mg,B4336,2028-03-02,569,199.56,Lupin,3004,5
MED0032,ORS Powder,B1295,2027-07-20,106,376.18,Cipla,3004,5
MED0033,Insulin Glargine,B2578,2027-10-24,460,458.98,Sun Pharma,3004,5
MED0034,Amoxicillin 250mg,B8082,2027-10-13,71,371.26,Zydus,3004,5
MED0035,Insulin Glargine,B1317,2027-07-10,962,185.87,Cipla,3004,5
MED0036,Cough Syrup 100ml,B2706,2027-01-16,552,195.93,Zydus,3004,5
MED0037,Omeprazole 20mg,B6650,2026-12-30,320,219.76,Cipla,3004,5
MED0038,Metformin 500mg,B1240,2028-04-05,824,70.98,Zydus,3004,5
MED0039,Salbutamol Inhaler,B5992,2027-09-03,764,364.33,Aurobindo,3004,5
MED0040,Cetirizine 10mg,B7757,2028-09-06,526,213.19,Sun Pharma,3004,5
MED0041,Atorvastatin 10mg,B9815,2026-09-27,934,73.6,Lupin,3004,5
MED0042,Salbutamol Inhaler,B9234,2028-08-02,255,356.38,Lupin,3004,5
MED0043,Salbutamol Inhaler,B8037,2026-10-10,270,381.66,Lupin,3004,5
MED0044,Metformin 500mg,B4258,2027-02-17,432,327.87,Zydus,3004,5
MED0045,Amoxicillin 250mg,B2262,2028-06-06,253,303.44,Sun Pharma,3004,5
MED0046,ORS Powder,B5216,2026-10-25,914,323.72,Dr. Reddy's,3004,5
MED0047,Azithromycin 500mg,B6890,2028-08-01,163,206.54,Dr. Reddy's,3004,5
MED0048,Azithromycin 500mg,B6200,2027-08-28,341,103.14,Cipla,3004,5
MED0049,ORS Powder,B9376,2027-08-06,347,253.86,Dr. Reddy's,3004,5
MED0050,Omeprazole 20mg,B6564,2028-05-15,494,350.67,Aurobindo,3004,5
MED0051,Atorvastatin 10mg,B9007,2026-12-27,861,284.48,Dr. Reddy's,3004,5
MED0052,Azithromycin 500mg,B8049,2027-02-21,683,281.85,Dr. Reddy's,3004,5
MED0053,Insulin Glargine,B3434,2027-10-31,961,338.67,Sun Pharma,3004,5
MED0054,Amoxicillin 250mg,B8267,2027-10-01,891,170.55,Sun Pharma,3004,5
MED0055,Cetirizine 10mg,B2438,2028-02-26,30,296.03,Lupin,3004,5
MED0056,Cetirizine 10mg,B8280,2026-09-25,644,280.01,Lupin,3004,5
MED0057,Paracetamol 500mg,B1096,2028-01-14,804,396.72,Cipla,3004,5
MED0058,Cetirizine 10mg,B1470,2028-01-26,367,425.71,Lupin,3004,5
MED0059,Omeprazole 20mg,B6067,2028-08-25,999,20.47,Dr. Reddy's,3004,5
MED0060,Amoxicillin 250mg,B5538,2028-02-27,996,303.21,Aurobindo,3004,5
MED0061,Atorvastatin 10mg,B2680,2026-09-12,287,211.83,Lupin,3004,5
MED0062,Metformin 500mg,B8455,2028-08-25,625,238.97,Cipla,3004,5
MED0063,Paracetamol 500mg,B4741,2028-04-06,729,385.72,Cipla,3004,5
MED0064,Salbutamol Inhaler,B2850,2028-04-22,81,141.4,Cipla,3004,5
MED0065,Cough Syrup 100ml,B1351,2027-02-06,875,5.78,Lupin,3004,5
MED0066,Insulin Glargine,B3256,2028-06-17,411,299.13,Lupin,3004,5
MED0067,ORS Powder,B5872,2027-11-02,568,18.92,Sun Pharma,3004,5
MED0068,Azithromycin 500mg,B6757,2028-02-22,949,414.01,Sun Pharma,3004,5
MED0069,Azithromycin 500mg,B9688,2027-02-16,554,495.25,Zydus,3004,5
MED0070,ORS Powder,B9746,2026-09-04,960,476.14,Lupin,3004,5
MED0071,Amoxicillin 250mg,B9523,2027-01-01,353,62.1,Sun Pharma,3004,5
MED0072,Amoxicillin 250mg,B5201,2028-06-30,898,125.45,Dr. Reddy's,3004,5
MED0073,Paracetamol 500mg,B2786,2027-03-26,677,274.73,Dr. Reddy's,3004,5
MED0074,Cetirizine 10mg,B1782,2027-04-05,502,388.34,Dr. Reddy's,3004,5
MED0075,Metformin 500mg,B7239,2028-03-12,575,59.93,Zydus,3004,5
MED0076,Atorvastatin 10mg,B3535,2026-09-13,965,115.7,Dr. Reddy's,3004,5
MED0077,Atorvastatin 10mg,B3752,2027-01-11,166,291.58,Lupin,3004,5
MED0078,Cetirizine 10mg,B8572,2027-04-25,439,235.98,Dr. Reddy's,3004,5
MED0079,Cetirizine 10mg,B1069,2027-09-27,40,341.21,Cipla,3004,5
MED0080,Amoxicillin 250mg,B7482,2027-07-21,911,403.45,Dr. Reddy's,3004,5
MED0081,Amoxicillin 250mg,B7529,2027-06-07,971,495.61,Sun Pharma,3004,5
MED0082,Amoxicillin 250mg,B9074,2027-10-24,731,132.47,Zydus,3004,5
MED0083,Amoxicillin 250mg,B6756,2027-02-06,200,28.84,Cipla,3004,5
MED0084,Cetirizine 10mg,B1956,2028-01-02,159,72.59,Zydus,3004,5
MED0085,Atorvastatin 10mg,B7832,2027-12-19,927,347.62,Dr. Reddy's,3004,5
MED0086,Paracetamol 500mg,B8639,2027-07-29,654,192.77,Cipla,3004,5
MED0087,Cetirizine 10mg,B5691,2028-05-12,271,12.1,Dr. Reddy's,3004,5
MED0088,Insulin Glargine,B8593,2026-10-26,519,90.95,Aurobindo,3004,5
MED0089,Amoxicillin 250mg,B4829,2028-04-21,108,168.13,Lupin,3004,5
MED0090,Paracetamol 500mg,B6036,2027-06-06,995,410.29,Zydus,3004,5
MED0091,Ibuprofen 400mg,B9065,2027-01-18,898,95.59,Lupin,3004,5
MED0092,Ibuprofen 400mg,B1188,2027-01-30,863,106.17,Zydus,3004,5
MED0093,Omeprazole 20mg,B2961,2028-02-23,719,13.35,Sun Pharma,3004,5
MED0094,Cetirizine 10mg,B5562,2028-04-03,117,79.84,Sun Pharma,3004,5
MED0095,Atorvastatin 10mg,B5594,2027-12-21,762,378.95,Aurobindo,3004,5
MED0096,Insulin Glargine,B7686,2028-07-27,135,209.89,Sun Pharma,3004,5
MED0097,Azithromycin 500mg,B3240,2028-05-07,853,419.2,Cipla,3004,5
MED0098,ORS Powder,B4353,2027-06-02,362,122.84,Cipla,3004,5
MED0099,Omeprazole 20mg,B6391,2027-11-14,11,99.76,Dr. Reddy's,3004,5
MED0100,Ibuprofen 400mg,B5299,2026-12-16,42,346.8,Aurobindo,3004,5
MED0101,Amoxicillin 250mg,B2850,2027-10-10,655,313.14,Aurobindo,3004,5
MED0102,Salbutamol Inhaler,B2977,2027-02-20,768,406.98,Cipla,3004,5
MED0103,Metformin 500mg,B7218,2028-02-11,554,415.92,Cipla,3004,5
MED0104,ORS Powder,B8462,2027-04-28,204,298.35,Dr. Reddy's,3004,5
MED0105,Metformin 500mg,B3288,2026-11-16,949,334.66,Cipla,3004,5
MED0106,ORS Powder,B2970,2028-08-27,40,119.27,Cipla,3004,5
MED0107,Omeprazole 20mg,B2875,2027-06-01,855,174.99,Dr. Reddy's,3004,5
MED0108,Cough Syrup 100ml,B7551,2027-04-13,950,72.18,Zydus,3004,5
MED0109,Cetirizine 10mg,B6544,2028-04-01,414,463.0,Lupin,3004,5
MED0110,Metformin 500mg,B5462,2028-01-02,476,289.35,Lupin,3004,5
MED0111,Paracetamol 500mg,B3727,2027-09-06,898,392.78,Cipla,3004,5
MED0112,ORS Powder,B3963,2028-08-04,570,231.42,Dr. Reddy's,3004,5
MED0113,Insulin Glargine,B2955,2028-02-19,773,109.52,Dr. Reddy's,3004,5
MED0114,ORS Powder,B1437,2028-08-16,593,236.52,Sun Pharma,3004,5
MED0115,Paracetamol 500mg,B6178,2027-01-23,329,242.79,Aurobindo,3004,5
MED0116,ORS Powder,B9249,2027-06-11,306,345.74,Aurobindo,3004,5
MED0117,ORS Powder,B4893,2026-09-23,780,26.27,Lupin,3004,5
MED0118,Azithromycin 500mg,B5222,2028-05-22,300,12.18,Cipla,3004,5
MED0119,ORS Powder,B7797,2028-08-05,123,89.52,Zydus,3004,5
MED0120,Cough Syrup 100ml,B2895,2026-12-23,267,147.14,Sun Pharma,3004,5
MED0121,Cough Syrup 100ml,B3279,2028-02-04,884,86.01,Cipla,3004,5
MED0122,Cough Syrup 100ml,B7095,2027-11-08,85,149.7,Sun Pharma,3004,5
MED0123,Amoxicillin 250mg,B8392,2028-04-12,121,444.03,Lupin,3004,5
MED0124,Omeprazole 20mg,B7329,2027-10-15,882,446.63,Zydus,3004,5
MED0125,Ibuprofen 400mg,B6681,2027-05-31,171,397.91,Lupin,3004,5
MED0126,Amoxicillin 250mg,B1943,2028-01-03,718,220.53,Zydus,3004,5
MED0127,Cough Syrup 100ml,B1409,2026-11-18,115,57.33,Zydus,3004,5
MED0128,Amoxicillin 250mg,B9402,2026-12-02,221,29.13,Zydus,3004,5
MED0129,Cough Syrup 100ml,B9094,2026-12-22,788,48.92,Sun Pharma,3004,5
MED0130,Paracetamol 500mg,B1635,2026-09-14,898,260.72,Cipla,3004,5
MED0131,ORS Powder,B9602,2028-08-07,773,109.5,Sun Pharma,3004,5
MED0132,ORS Powder,B1734,2028-08-02,727,137.4,Cipla,3004,5
MED0133,Insulin Glargine,B9570,2028-06-13,475,249.19,Aurobindo,3004,5
MED0134,Paracetamol 500mg,B2483,2028-08-23,429,81.53,Aurobindo,3004,5
MED0135,Paracetamol 500mg,B4868,2028-06-09,878,183.7,Sun Pharma,3004,5
MED0136,Insulin Glargine,B5322,2028-06-02,664,116.57,Cipla,3004,5
MED0137,Salbutamol Inhaler,B8663,2026-11-06,820,99.99,Aurobindo,3004,5
MED0138,Insulin Glargine,B6847,2028-08-28,716,226.05,Dr. Reddy's,3004,5
MED0139,Atorvastatin 10mg,B8644,2028-05-06,618,243.91,Sun Pharma,3004,5
MED0140,Omeprazole 20mg,B1528,2028-06-24,39,234.7,Aurobindo,3004,5
MED0141,Omeprazole 20mg,B2295,2027-03-06,154,278.63,Dr. Reddy's,3004,5
MED0142,Insulin Glargine,B7139,2027-05-18,421,480.4,Dr. Reddy's,3004,5
MED0143,Metformin 500mg,B1165,2027-12-27,208,175.35,Lupin,3004,5
MED0144,ORS Powder,B6976,2027-09-30,874,417.49,Sun Pharma,3004,5
MED0145,Insulin Glargine,B7465,2027-08-15,212,401.1,Dr. Reddy's,3004,5
MED0146,Salbutamol Inhaler,B8303,2027-12-26,638,169.34,Sun Pharma,3004,5
MED0147,Cetirizine 10mg,B7545,2026-10-01,820,188.14,Lupin,3004,5
MED0148,Omeprazole 20mg,B4045,2028-03-28,159,469.89,Dr. Reddy's,3004,5
MED0149,Omeprazole 20mg,B8243,2027-04-06,446,439.67,Sun Pharma,3004,5
MED0150,ORS Powder,B2108,2026-10-19,955,492.38,Cipla,3004,5
MED0151,Azithromycin 500mg,B2147,2027-04-21,86,291.52,Cipla,3004,5
MED0152,Paracetamol 500mg,B7268,2027-10-18,264,199.77,Dr. Reddy's,3004,5
MED0153,Insulin Glargine,B8730,2028-07-22,939,157.85,Cipla,3004,5
MED0154,Cetirizine 10mg,B1017,2027-01-12,799,418.95,Lupin,3004,5
MED0155,Insulin Glargine,B2858,2027-01-03,328,440.03,Lupin,3004,5
MED0156,ORS Powder,B8362,2027-03-03,585,355.78,Cipla,3004,5
MED0157,Ibuprofen 400mg,B8648,2028-03-11,168,369.23,Zydus,3004,5
MED0158,ORS Powder,B9781,2027-09-24,697,390.65,Dr. Reddy's,3004,5
MED0159,Paracetamol 500mg,B9277,2027-09-09,118,28.89,Sun Pharma,3004,5
MED0160,Azithromycin 500mg,B7052,2027-07-26,52,290.48,Sun Pharma,3004,5
MED0161,Paracetamol 500mg,B5108,2028-02-03,566,246.88,Dr. Reddy's,3004,5
MED0162,Cough Syrup 100ml,B1214,2026-11-07,71,66.26,Sun Pharma,3004,5
MED0163,Ibuprofen 400mg,B5251,2028-08-20,57,277.25,Zydus,3004,5
MED0164,Omeprazole 20mg,B5303,2027-11-30,556,267.19,Sun Pharma,3004,5
MED0165,ORS Powder,B6996,2028-02-01,14,183.67,Lupin,3004,5
MED0166,Amoxicillin 250mg,B5673,2028-02-22,135,41.58,Aurobindo,3004,5
MED0167,ORS Powder,B1461,2027-01-01,126,224.78,Zydus,3004,5
MED0168,Ibuprofen 400mg,B7924,2026-08-24,676,148.34,Aurobindo,3004,5
MED0169,Amoxicillin 250mg,B2746,2027-10-26,120,378.48,Sun Pharma,3004,5
MED0170,ORS Powder,B4758,2028-03-04,48,162.9,Sun Pharma,3004,5
MED0171,Atorvastatin 10mg,B8950,2027-03-09,232,486.35,Aurobindo,3004,5
MED0172,Insulin Glargine,B8921,2027-09-24,31,277.41,Lupin,3004,5
MED0173,Amoxicillin 250mg,B1197,2026-10-03,807,122.01,Sun Pharma,3004,5
MED0174,Metformin 500mg,B3604,2027-03-11,531,442.36,Sun Pharma,3004,5
MED0175,Ibuprofen 400mg,B6000,2026-10-06,632,445.79,Aurobindo,3004,5
MED0176,Cough Syrup 100ml,B7668,2028-09-03,926,342.29,Lupin,3004,5
MED0177,Azithromycin 500mg,B1693,2027-09-09,53,374.27,Zydus,3004,5
MED0178,Azithromycin 500mg,B1388,2027-11-02,808,159.66,Cipla,3004,5
MED0179,Cetirizine 10mg,B2949,2026-10-29,75,74.67,Sun Pharma,3004,5
MED0180,Paracetamol 500mg,B7316,2028-08-26,165,412.13,Zydus,3004,5
MED0181,Ibuprofen 400mg,B6384,2028-01-15,143,211.06,Cipla,3004,5
MED0182,Paracetamol 500mg,B8570,2026-10-29,332,61.11,Sun Pharma,3004,5
MED0183,Paracetamol 500mg,B7721,2028-02-21,129,309.15,Aurobindo,3004,5
MED0184,Ibuprofen 400mg,B8973,2028-07-01,710,253.16,Sun Pharma,3004,5
MED0185,Amoxicillin 250mg,B8475,2028-02-21,420,446.44,Dr. Reddy's,3004,5
MED0186,Amoxicillin 250mg,B3362,2026-08-31,325,432.23,Aurobindo,3004,5
MED0187,Atorvastatin 10mg,B2166,2027-04-16,482,467.09,Lupin,3004,5
MED0188,Ibuprofen 400mg,B9840,2028-06-11,82,176.9,Lupin,3004,5
MED0189,Salbutamol Inhaler,B4576,2028-03-27,677,360.03,Aurobindo,3004,5
MED0190,Cough Syrup 100ml,B5817,2027-06-01,782,327.73,Cipla,3004,5
MED0191,Paracetamol 500mg,B7746,2027-03-02,35,86.97,Dr. Reddy's,3004,5
MED0192,Atorvastatin 10mg,B4940,2027-12-22,624,84.58,Dr. Reddy's,3004,5
MED0193,Atorvastatin 10mg,B4426,2028-06-13,364,109.83,Sun Pharma,3004,5
MED0194,Ibuprofen 400mg,B7390,2028-09-01,883,134.57,Lupin,3004,5
MED0195,Salbutamol Inhaler,B8460,2028-07-17,267,187.85,Sun Pharma,3004,5
MED0196,Omeprazole 20mg,B2334,2027-09-25,982,268.24,Lupin,3004,5
MED0197,Ibuprofen 400mg,B6496,2027-02-15,708,288.74,Cipla,3004,5
MED0198,Metformin 500mg,B1298,2026-12-06,106,256.23,Cipla,3004,5
MED0199,Metformin 500mg,B3833,2026-12-07,354,37.5,Dr. Reddy's,3004,5
MED0200,Amoxicillin 250mg,B5545,2028-08-08,273,225.29,Sun Pharma,3004,5
